month,diff_hours
1,46.4339896314684
2,80.81593537958683
3,92.62471285357897
4,85.65386089405469
5,98.63755230698152
6,119.27306820629951
7,114.84708437547411
8,132.7079884286556
9,183.997630996661
